sweep_param,sweep_value,arm,metric,mean,std,n_params
,,baseline,accuracy,0.5034666666666666,0.004035643660320674,0
,,trm_ds,accuracy,0.9588222222222221,0.007183915504466136,11538
,,trm_ds,exact_match,0.7602,0.027985710639538912,11538
,,trm_nods,accuracy,0.9734,0.008691417648504812,11538
,,trm_nods,exact_match,0.8392,0.05608654027482886,11538
,,ff_matched,accuracy,0.9705999999999999,0.0077827761716672585,11518
,,ff_matched,exact_match,0.7926,0.0573872808207533,11518
