config,arm,metric,mean,std,n_params
single,baseline,accuracy,0.5617708333333333,0.0006802923041219966,0
single,baseline,exact_match,0.02375,0.0018322507626258088,0
single,trm_stable,accuracy,0.9633072916666667,0.004615092213691167,16112
single,trm_stable,train_accuracy,0.973296875,0.004171637659707392,16112
single,trm_stable,exact_match,0.535125,0.04854876046674254,16112
single,trm_stable,coherence_excess,0.1251335681062362,0.013492854885069417,16112
single,trm_stable,mean_wrong_per_row,0.880625,0.11076221312858847,16112
single,trm,accuracy,0.969140625,0.0030910406807545406,16112
single,trm,train_accuracy,0.9818880208333334,0.0026830478880821226,16112
single,trm,exact_match,0.631875,0.0319885582223216,16112
single,trm,coherence_excess,0.1594469561510951,0.010922371367857786,16112
single,trm,mean_wrong_per_row,0.740625,0.07418497633810846,16112
single,trm_decoupled,accuracy,0.9113697916666667,0.009946544563813133,16018
single,trm_decoupled,train_accuracy,0.9194270833333333,0.011338842596953702,16018
single,trm_decoupled,exact_match,0.19325,0.04147891030391228,16018
single,trm_decoupled,coherence_excess,0.0823350358543731,0.022174649824584593,16018
single,trm_decoupled,mean_wrong_per_row,2.1271250000000004,0.2387170695315152,16018
single,ff_matched,accuracy,0.9763854166666667,0.0017954348524866748,16103
single,ff_matched,train_accuracy,0.9858502604166667,0.0014362371253498357,16103
single,ff_matched,exact_match,0.643125,0.02741447740571706,16103
single,ff_matched,coherence_excess,0.07914499618426009,0.009127077201454942,16103
single,ff_matched,mean_wrong_per_row,0.56675,0.04309043645967993,16103
single,untied_matched,accuracy,0.940359375,0.003987202836367044,16217
single,untied_matched,train_accuracy,0.9514947916666666,0.003856695598885153,16217
single,untied_matched,exact_match,0.354625,0.020556107886187284,16217
single,untied_matched,coherence_excess,0.12506094966235026,0.010714932868186844,16217
single,untied_matched,mean_wrong_per_row,1.4313749999999998,0.09569286807280886,16217
